<?xml version="1.0" encoding="UTF-8"?>
<l:dependencies xmlns:l='licenses' groupId='org.jenkins-ci.plugins' artifactId='ansible' version='1.0'><l:dependency name='Jenkins Ansible plugin' groupId='org.jenkins-ci.plugins' artifactId='ansible' version='1.0' url='https://wiki.jenkins-ci.org/display/JENKINS/Ansible+Plugin'><l:description>Ansible support in Jenkins</l:description><l:license name='Apache License, Version 2.0' url='http://www.apache.org/licenses/LICENSE-2.0.txt'/></l:dependency><l:dependency name='AssertJ fluent assertions' groupId='org.assertj' artifactId='assertj-core' version='1.7.1' url='http://nexus.sonatype.org/oss-repository-hosting.html/assertj-parent-pom/assertj-core'><l:description>Rich and fluent assertions for testing</l:description><l:license name='Apache License, Version 2.0' url='LICENSE.txt'/></l:dependency></l:dependencies>